﻿<?xml version="1.0" encoding="utf-8"?>
<abapGit version="v1.0.0" serializer="LCL_OBJECT_FUGR" serializer_version="v1.0.0">
 <asx:abap xmlns:asx="http://www.sap.com/abapxml" version="1.0">
  <asx:values>
   <AREAT>Löschsatzermittlung: Template</AREAT>
   <INCLUDES>
    <SOBJ_NAME>/BVCCSAP/LC1_DELREC_FG_TMPLTOP</SOBJ_NAME>
    <SOBJ_NAME>/BVCCSAP/SAPLC1_DELREC_FG_TMPL</SOBJ_NAME>
   </INCLUDES>
   <FUNCTIONS>
    <item>
     <FUNCNAME>/BVCCSAP/C1_DELREC_FM_TMPL</FUNCNAME>
     <INCLUDE>/BVCCSAP/LC1_DELREC_FG_TMPLU01</INCLUDE>
     <GLOBAL_FLAG/>
     <REMOTE_CALL/>
     <UPDATE_TASK/>
     <SHORT_TEXT>Löschsatzermittlung: Template</SHORT_TEXT>
     <REMOTE_BASXML/>
     <IMPORT/>
     <CHANGING/>
     <EXPORT/>
     <TABLES>
      <RSTBL>
       <PARAMETER>E_T_DATA</PARAMETER>
       <DBSTRUCT>/BVCCSAP/C1_DELREC_EXTRACT</DBSTRUCT>
       <TYPES/>
       <OPTIONAL/>
       <TYP/>
       <CLASS/>
       <REF_CLASS/>
       <LINE_OF/>
       <TABLE_OF/>
      </RSTBL>
     </TABLES>
     <EXCEPTION/>
     <DOCUMENTATION>
      <RSFDO>
       <PARAMETER>E_T_DATA</PARAMETER>
       <KIND>P</KIND>
       <STEXT>Generische Extraktstruktur für Löschsatzermittlung</STEXT>
       <INDEX> 001</INDEX>
      </RSFDO>
     </DOCUMENTATION>
    </item>
   </FUNCTIONS>
   <DYNPROS/>
   <CUA>
    <ADM>
     <ACTCODE/>
     <MENCODE/>
     <PFKCODE/>
     <DEFAULTACT/>
     <DEFAULTPFK/>
     <MOD_LANGU/>
    </ADM>
    <STA/>
    <FUN/>
    <MEN/>
    <MTX/>
    <ACT/>
    <BUT/>
    <PFK/>
    <SET/>
    <DOC/>
    <TIT/>
    <BIV/>
   </CUA>
  </asx:values>
 </asx:abap>
</abapGit>
