﻿<?xml version="1.0" encoding="utf-8"?>
<abapGit version="v1.0.0" serializer="LCL_OBJECT_MSAG" serializer_version="v1.0.0">
 <asx:abap xmlns:asx="http://www.sap.com/abapxml" version="1.0">
  <asx:values>
   <T100A>
    <ARBGB>/BVCCSAP/C1_DELREC_M</ARBGB>
    <MASTERLANG>D</MASTERLANG>
    <APPLCLASS/>
    <RESPUSER/>
    <LASTUSER/>
    <LDATE>0000-00-00</LDATE>
    <LTIME>00:00:00</LTIME>
    <STEXT>Löschsatzermittlung: Messages</STEXT>
   </T100A>
   <T100>
    <T100>
     <SPRSL>D</SPRSL>
     <ARBGB>/BVCCSAP/C1_DELREC_M</ARBGB>
     <MSGNR>000</MSGNR>
     <TEXT>&amp;1</TEXT>
    </T100>
   </T100>
  </asx:values>
 </asx:abap>
</abapGit>
