﻿<?xml version="1.0" encoding="utf-8"?>
<abapGit version="v1.0.0" serializer="LCL_OBJECT_FUGR" serializer_version="v1.0.0">
 <asx:abap xmlns:asx="http://www.sap.com/abapxml" version="1.0">
  <asx:values>
   <AREAT>Löschsatzermittlung: Funktionsgruppe</AREAT>
   <INCLUDES>
    <SOBJ_NAME>/BVCCSAP/LC1_DELREC_FGTOP</SOBJ_NAME>
    <SOBJ_NAME>/BVCCSAP/SAPLC1_DELREC_FG</SOBJ_NAME>
   </INCLUDES>
   <FUNCTIONS>
    <item>
     <FUNCNAME>/BVCCSAP/C1_DELREC_FM_DERIVE</FUNCNAME>
     <INCLUDE>/BVCCSAP/LC1_DELREC_FGU01</INCLUDE>
     <GLOBAL_FLAG/>
     <REMOTE_CALL/>
     <UPDATE_TASK/>
     <SHORT_TEXT>Löschsatzermittlung: Ermittlung gelöschte Datensätze</SHORT_TEXT>
     <REMOTE_BASXML/>
     <IMPORT>
      <RSIMP>
       <PARAMETER>I_REQUNR</PARAMETER>
       <DBFIELD/>
       <DEFAULT/>
       <TYPES/>
       <OPTIONAL/>
       <REFERENCE>X</REFERENCE>
       <CHANGING/>
       <TYP>SRSC_S_IF_SIMPLE-REQUNR</TYP>
       <CLASS/>
       <REF_CLASS/>
       <LINE_OF/>
       <TABLE_OF/>
      </RSIMP>
      <RSIMP>
       <PARAMETER>I_DSOURCE</PARAMETER>
       <DBFIELD/>
       <DEFAULT/>
       <TYPES/>
       <OPTIONAL>X</OPTIONAL>
       <REFERENCE>X</REFERENCE>
       <CHANGING/>
       <TYP>SRSC_S_IF_SIMPLE-DSOURCE</TYP>
       <CLASS/>
       <REF_CLASS/>
       <LINE_OF/>
       <TABLE_OF/>
      </RSIMP>
      <RSIMP>
       <PARAMETER>I_MAXSIZE</PARAMETER>
       <DBFIELD/>
       <DEFAULT/>
       <TYPES/>
       <OPTIONAL>X</OPTIONAL>
       <REFERENCE>X</REFERENCE>
       <CHANGING/>
       <TYP>SRSC_S_IF_SIMPLE-MAXSIZE</TYP>
       <CLASS/>
       <REF_CLASS/>
       <LINE_OF/>
       <TABLE_OF/>
      </RSIMP>
      <RSIMP>
       <PARAMETER>I_INITFLAG</PARAMETER>
       <DBFIELD/>
       <DEFAULT/>
       <TYPES/>
       <OPTIONAL>X</OPTIONAL>
       <REFERENCE>X</REFERENCE>
       <CHANGING/>
       <TYP>SRSC_S_IF_SIMPLE-INITFLAG</TYP>
       <CLASS/>
       <REF_CLASS/>
       <LINE_OF/>
       <TABLE_OF/>
      </RSIMP>
      <RSIMP>
       <PARAMETER>I_READ_ONLY</PARAMETER>
       <DBFIELD/>
       <DEFAULT/>
       <TYPES/>
       <OPTIONAL>X</OPTIONAL>
       <REFERENCE>X</REFERENCE>
       <CHANGING/>
       <TYP>SRSC_S_IF_SIMPLE-READONLY</TYP>
       <CLASS/>
       <REF_CLASS/>
       <LINE_OF/>
       <TABLE_OF/>
      </RSIMP>
      <RSIMP>
       <PARAMETER>I_REMOTE_CALL</PARAMETER>
       <DBFIELD/>
       <DEFAULT>SBIWA_C_FLAG_OFF</DEFAULT>
       <TYPES/>
       <OPTIONAL/>
       <REFERENCE>X</REFERENCE>
       <CHANGING/>
       <TYP>SBIWA_FLAG</TYP>
       <CLASS/>
       <REF_CLASS/>
       <LINE_OF/>
       <TABLE_OF/>
      </RSIMP>
     </IMPORT>
     <CHANGING/>
     <EXPORT>
      <RSEXP>
       <PARAMETER>FUNCTION_INCLUDE</PARAMETER>
       <DBFIELD>RS38L-INCLUDE</DBFIELD>
       <TYPES/>
       <REFERENCE>X</REFERENCE>
       <TYP/>
       <CLASS/>
       <REF_CLASS/>
       <LINE_OF/>
       <TABLE_OF/>
      </RSEXP>
     </EXPORT>
     <TABLES>
      <RSTBL>
       <PARAMETER>I_T_SELECT</PARAMETER>
       <DBSTRUCT/>
       <TYPES/>
       <OPTIONAL>X</OPTIONAL>
       <TYP>SRSC_S_IF_SIMPLE-T_SELECT</TYP>
       <CLASS/>
       <REF_CLASS/>
       <LINE_OF/>
       <TABLE_OF/>
      </RSTBL>
      <RSTBL>
       <PARAMETER>I_T_FIELDS</PARAMETER>
       <DBSTRUCT/>
       <TYPES/>
       <OPTIONAL>X</OPTIONAL>
       <TYP>SRSC_S_IF_SIMPLE-T_FIELDS</TYP>
       <CLASS/>
       <REF_CLASS/>
       <LINE_OF/>
       <TABLE_OF/>
      </RSTBL>
      <RSTBL>
       <PARAMETER>E_T_DATA</PARAMETER>
       <DBSTRUCT>/BVCCSAP/C1_DELREC_EXTRACT</DBSTRUCT>
       <TYPES/>
       <OPTIONAL>X</OPTIONAL>
       <TYP/>
       <CLASS/>
       <REF_CLASS/>
       <LINE_OF/>
       <TABLE_OF/>
      </RSTBL>
     </TABLES>
     <EXCEPTION>
      <RSEXC>
       <EXCEPTION>ERROR_PASSED_TO_MESS_HANDLER</EXCEPTION>
       <IS_RESUMABLE/>
      </RSEXC>
      <RSEXC>
       <EXCEPTION>DOUBLE_TASK</EXCEPTION>
       <IS_RESUMABLE/>
      </RSEXC>
      <RSEXC>
       <EXCEPTION>ERROR_MESSAGE</EXCEPTION>
       <IS_RESUMABLE/>
      </RSEXC>
      <RSEXC>
       <EXCEPTION>FUNCTION_ALREADY_EXISTS</EXCEPTION>
       <IS_RESUMABLE/>
      </RSEXC>
      <RSEXC>
       <EXCEPTION>INVALID_FUNCTION_POOL</EXCEPTION>
       <IS_RESUMABLE/>
      </RSEXC>
      <RSEXC>
       <EXCEPTION>INVALID_NAME</EXCEPTION>
       <IS_RESUMABLE/>
      </RSEXC>
      <RSEXC>
       <EXCEPTION>TOO_MANY_FUNCTIONS</EXCEPTION>
       <IS_RESUMABLE/>
      </RSEXC>
      <RSEXC>
       <EXCEPTION>INVALID_DATA_SOURCE</EXCEPTION>
       <IS_RESUMABLE/>
      </RSEXC>
      <RSEXC>
       <EXCEPTION>INVALID_TABLE_NAME</EXCEPTION>
       <IS_RESUMABLE/>
      </RSEXC>
      <RSEXC>
       <EXCEPTION>NO_RECORDS_EXTRACTED</EXCEPTION>
       <IS_RESUMABLE/>
      </RSEXC>
      <RSEXC>
       <EXCEPTION>ERROR_IN_GENERATING_FM</EXCEPTION>
       <IS_RESUMABLE/>
      </RSEXC>
      <RSEXC>
       <EXCEPTION>ERROR_IN_ACTIVATING_FM</EXCEPTION>
       <IS_RESUMABLE/>
      </RSEXC>
      <RSEXC>
       <EXCEPTION>NOT_ONE_TO_ONE_TGT_SRC_REL</EXCEPTION>
       <IS_RESUMABLE/>
      </RSEXC>
      <RSEXC>
       <EXCEPTION>DATA_SOURCE_NOT_FOUN</EXCEPTION>
       <IS_RESUMABLE/>
      </RSEXC>
      <RSEXC>
       <EXCEPTION>NO_TRANS_RULE</EXCEPTION>
       <IS_RESUMABLE/>
      </RSEXC>
      <RSEXC>
       <EXCEPTION>NO_DSO_FOUND</EXCEPTION>
       <IS_RESUMABLE/>
      </RSEXC>
      <RSEXC>
       <EXCEPTION>DTP_INSTANCE_NOT_CREATED</EXCEPTION>
       <IS_RESUMABLE/>
      </RSEXC>
      <RSEXC>
       <EXCEPTION>NO_SEL_FOR_DTP</EXCEPTION>
       <IS_RESUMABLE/>
      </RSEXC>
      <RSEXC>
       <EXCEPTION>NO_MORE_DATA</EXCEPTION>
       <IS_RESUMABLE/>
      </RSEXC>
      <RSEXC>
       <EXCEPTION>INVALID_OR_EMPTY_FUNCTION_POOL</EXCEPTION>
       <IS_RESUMABLE/>
      </RSEXC>
      <RSEXC>
       <EXCEPTION>ERROR_IN_DELETING_FM</EXCEPTION>
       <IS_RESUMABLE/>
      </RSEXC>
      <RSEXC>
       <EXCEPTION>ERROR_IN_DELETING_FP</EXCEPTION>
       <IS_RESUMABLE/>
      </RSEXC>
     </EXCEPTION>
     <DOCUMENTATION>
      <RSFDO>
       <PARAMETER>I_REQUNR</PARAMETER>
       <KIND>P</KIND>
       <STEXT/>
       <INDEX> 001</INDEX>
      </RSFDO>
      <RSFDO>
       <PARAMETER>I_DSOURCE</PARAMETER>
       <KIND>P</KIND>
       <STEXT/>
       <INDEX> 002</INDEX>
      </RSFDO>
      <RSFDO>
       <PARAMETER>I_MAXSIZE</PARAMETER>
       <KIND>P</KIND>
       <STEXT/>
       <INDEX> 003</INDEX>
      </RSFDO>
      <RSFDO>
       <PARAMETER>I_INITFLAG</PARAMETER>
       <KIND>P</KIND>
       <STEXT/>
       <INDEX> 004</INDEX>
      </RSFDO>
      <RSFDO>
       <PARAMETER>I_READ_ONLY</PARAMETER>
       <KIND>P</KIND>
       <STEXT/>
       <INDEX> 005</INDEX>
      </RSFDO>
      <RSFDO>
       <PARAMETER>I_REMOTE_CALL</PARAMETER>
       <KIND>P</KIND>
       <STEXT/>
       <INDEX> 006</INDEX>
      </RSFDO>
      <RSFDO>
       <PARAMETER>FUNCTION_INCLUDE</PARAMETER>
       <KIND>P</KIND>
       <STEXT>ABAP-Programmname</STEXT>
       <INDEX> 007</INDEX>
      </RSFDO>
      <RSFDO>
       <PARAMETER>I_T_SELECT</PARAMETER>
       <KIND>P</KIND>
       <STEXT/>
       <INDEX> 008</INDEX>
      </RSFDO>
      <RSFDO>
       <PARAMETER>I_T_FIELDS</PARAMETER>
       <KIND>P</KIND>
       <STEXT/>
       <INDEX> 009</INDEX>
      </RSFDO>
      <RSFDO>
       <PARAMETER>E_T_DATA</PARAMETER>
       <KIND>P</KIND>
       <STEXT>Generische Extraktstruktur für Löschsatzermittlung</STEXT>
       <INDEX> 010</INDEX>
      </RSFDO>
      <RSFDO>
       <PARAMETER>ERROR_PASSED_TO_MESS_HANDLER</PARAMETER>
       <KIND>X</KIND>
       <STEXT/>
       <INDEX> 011</INDEX>
      </RSFDO>
      <RSFDO>
       <PARAMETER>DOUBLE_TASK</PARAMETER>
       <KIND>X</KIND>
       <STEXT/>
       <INDEX> 012</INDEX>
      </RSFDO>
      <RSFDO>
       <PARAMETER>ERROR_MESSAGE</PARAMETER>
       <KIND>X</KIND>
       <STEXT/>
       <INDEX> 013</INDEX>
      </RSFDO>
      <RSFDO>
       <PARAMETER>FUNCTION_ALREADY_EXISTS</PARAMETER>
       <KIND>X</KIND>
       <STEXT/>
       <INDEX> 014</INDEX>
      </RSFDO>
      <RSFDO>
       <PARAMETER>INVALID_FUNCTION_POOL</PARAMETER>
       <KIND>X</KIND>
       <STEXT/>
       <INDEX> 015</INDEX>
      </RSFDO>
      <RSFDO>
       <PARAMETER>INVALID_NAME</PARAMETER>
       <KIND>X</KIND>
       <STEXT/>
       <INDEX> 016</INDEX>
      </RSFDO>
      <RSFDO>
       <PARAMETER>TOO_MANY_FUNCTIONS</PARAMETER>
       <KIND>X</KIND>
       <STEXT/>
       <INDEX> 017</INDEX>
      </RSFDO>
      <RSFDO>
       <PARAMETER>INVALID_DATA_SOURCE</PARAMETER>
       <KIND>X</KIND>
       <STEXT/>
       <INDEX> 018</INDEX>
      </RSFDO>
      <RSFDO>
       <PARAMETER>INVALID_TABLE_NAME</PARAMETER>
       <KIND>X</KIND>
       <STEXT/>
       <INDEX> 019</INDEX>
      </RSFDO>
      <RSFDO>
       <PARAMETER>NO_RECORDS_EXTRACTED</PARAMETER>
       <KIND>X</KIND>
       <STEXT/>
       <INDEX> 020</INDEX>
      </RSFDO>
      <RSFDO>
       <PARAMETER>ERROR_IN_GENERATING_FM</PARAMETER>
       <KIND>X</KIND>
       <STEXT/>
       <INDEX> 021</INDEX>
      </RSFDO>
      <RSFDO>
       <PARAMETER>ERROR_IN_ACTIVATING_FM</PARAMETER>
       <KIND>X</KIND>
       <STEXT/>
       <INDEX> 022</INDEX>
      </RSFDO>
      <RSFDO>
       <PARAMETER>NOT_ONE_TO_ONE_TGT_SRC_REL</PARAMETER>
       <KIND>X</KIND>
       <STEXT/>
       <INDEX> 023</INDEX>
      </RSFDO>
      <RSFDO>
       <PARAMETER>DATA_SOURCE_NOT_FOUN</PARAMETER>
       <KIND>X</KIND>
       <STEXT/>
       <INDEX> 024</INDEX>
      </RSFDO>
      <RSFDO>
       <PARAMETER>NO_TRANS_RULE</PARAMETER>
       <KIND>X</KIND>
       <STEXT/>
       <INDEX> 025</INDEX>
      </RSFDO>
      <RSFDO>
       <PARAMETER>NO_DSO_FOUND</PARAMETER>
       <KIND>X</KIND>
       <STEXT/>
       <INDEX> 026</INDEX>
      </RSFDO>
      <RSFDO>
       <PARAMETER>DTP_INSTANCE_NOT_CREATED</PARAMETER>
       <KIND>X</KIND>
       <STEXT/>
       <INDEX> 027</INDEX>
      </RSFDO>
      <RSFDO>
       <PARAMETER>NO_SEL_FOR_DTP</PARAMETER>
       <KIND>X</KIND>
       <STEXT/>
       <INDEX> 028</INDEX>
      </RSFDO>
      <RSFDO>
       <PARAMETER>NO_MORE_DATA</PARAMETER>
       <KIND>X</KIND>
       <STEXT/>
       <INDEX> 029</INDEX>
      </RSFDO>
      <RSFDO>
       <PARAMETER>INVALID_OR_EMPTY_FUNCTION_POOL</PARAMETER>
       <KIND>X</KIND>
       <STEXT/>
       <INDEX> 030</INDEX>
      </RSFDO>
      <RSFDO>
       <PARAMETER>ERROR_IN_DELETING_FM</PARAMETER>
       <KIND>X</KIND>
       <STEXT/>
       <INDEX> 031</INDEX>
      </RSFDO>
      <RSFDO>
       <PARAMETER>ERROR_IN_DELETING_FP</PARAMETER>
       <KIND>X</KIND>
       <STEXT/>
       <INDEX> 032</INDEX>
      </RSFDO>
     </DOCUMENTATION>
    </item>
   </FUNCTIONS>
   <DYNPROS/>
   <CUA>
    <ADM>
     <ACTCODE/>
     <MENCODE/>
     <PFKCODE/>
     <DEFAULTACT/>
     <DEFAULTPFK/>
     <MOD_LANGU/>
    </ADM>
    <STA/>
    <FUN/>
    <MEN/>
    <MTX/>
    <ACT/>
    <BUT/>
    <PFK/>
    <SET/>
    <DOC/>
    <TIT/>
    <BIV/>
   </CUA>
  </asx:values>
 </asx:abap>
</abapGit>
