﻿<?xml version="1.0" encoding="utf-8"?>
<abapGit version="v1.0.0" serializer="LCL_OBJECT_CLAS" serializer_version="v1.0.0">
 <asx:abap xmlns:asx="http://www.sap.com/abapxml" version="1.0">
  <asx:values>
   <VSEOCLASS>
    <CLSNAME>/BVCCSAP/C1_DELREC_FILTER</CLSNAME>
    <VERSION>1</VERSION>
    <LANGU>D</LANGU>
    <DESCRIPT>Löschsatzermittlung: Filter-Selektionen</DESCRIPT>
    <UUID/>
    <CATEGORY>00</CATEGORY>
    <EXPOSURE>2</EXPOSURE>
    <STATE>1</STATE>
    <RELEASE>0</RELEASE>
    <AUTHOR/>
    <CREATEDON>0000-00-00</CREATEDON>
    <CHANGEDBY/>
    <CHANGEDON>0000-00-00</CHANGEDON>
    <CHGDANYBY/>
    <CHGDANYON>0000-00-00</CHGDANYON>
    <CLSEMBED/>
    <CLSABSTRCT/>
    <CLSFINAL>X</CLSFINAL>
    <CLSCCINCL>X</CLSCCINCL>
    <REMOTE/>
    <FIXPT>X</FIXPT>
    <VARCL/>
    <UNICODE>X</UNICODE>
    <RSTAT/>
    <CLSDEFATT/>
    <CLSDEFMTD/>
    <CLSDEFINT/>
    <CLSBCIMPL/>
    <R3RELEASE/>
    <CLSBCTRANS/>
    <CLSBCCAT>00</CLSBCCAT>
    <CLSADDON/>
    <MSG_ID/>
    <CLSBCNODEL/>
    <CLSPROXY/>
    <CLSSHAREDMEMORY/>
    <WITH_UNIT_TESTS/>
    <DURATION_TYPE>0</DURATION_TYPE>
    <RISK_LEVEL>0</RISK_LEVEL>
    <WITHIN_PACKAGE/>
   </VSEOCLASS>
   <TPOOL/>
  </asx:values>
 </asx:abap>
</abapGit>
