﻿<?xml version="1.0" encoding="utf-8"?>
<abapGit version="v1.0.0" serializer="LCL_OBJECT_DTEL" serializer_version="v1.0.0">
 <asx:abap xmlns:asx="http://www.sap.com/abapxml" version="1.0">
  <asx:values>
   <DD04V>
    <ROLLNAME>/BVCCSAP/C1_DE_FINISH</ROLLNAME>
    <DDLANGUAGE>D</DDLANGUAGE>
    <DOMNAME/>
    <ROUTPUTLEN>000000</ROUTPUTLEN>
    <MEMORYID/>
    <LOGFLAG/>
    <HEADLEN>07</HEADLEN>
    <SCRLEN1>07</SCRLEN1>
    <SCRLEN2>07</SCRLEN2>
    <SCRLEN3>07</SCRLEN3>
    <DDTEXT>Ende-Kennzeichen</DDTEXT>
    <REPTEXT>Ende KZ</REPTEXT>
    <SCRTEXT_S>Ende KZ</SCRTEXT_S>
    <SCRTEXT_M>Ende KZ</SCRTEXT_M>
    <SCRTEXT_L>Ende KZ</SCRTEXT_L>
    <ACTFLAG/>
    <APPLCLASS/>
    <AUTHCLASS>00</AUTHCLASS>
    <AS4USER/>
    <AS4DATE>0000-00-00</AS4DATE>
    <AS4TIME>00:00:00</AS4TIME>
    <DTELMASTER>D</DTELMASTER>
    <RESERVEDTE/>
    <DTELGLOBAL/>
    <SHLPNAME/>
    <SHLPFIELD/>
    <DEFFDNAME/>
    <DATATYPE>CHAR</DATATYPE>
    <LENG>000001</LENG>
    <DECIMALS>000000</DECIMALS>
    <OUTPUTLEN>000001</OUTPUTLEN>
    <LOWERCASE/>
    <SIGNFLAG/>
    <CONVEXIT/>
    <VALEXI/>
    <ENTITYTAB/>
    <REFKIND/>
    <REFTYPE/>
    <PROXYTYPE/>
    <LTRFLDDIS/>
    <BIDICTRLC/>
    <NOHISTORY/>
   </DD04V>
   <TPARA>
    <PARAMID/>
    <PARTEXT/>
   </TPARA>
  </asx:values>
 </asx:abap>
</abapGit>
