﻿<?xml version="1.0" encoding="utf-8"?>
<abapGit version="v1.0.0" serializer="LCL_OBJECT_TABL" serializer_version="v1.0.0">
 <asx:abap xmlns:asx="http://www.sap.com/abapxml" version="1.0">
  <asx:values>
   <DD02V>
    <TABNAME>/BVCCSAP/C1_DELREC_EXTRACT</TABNAME>
    <DDLANGUAGE>D</DDLANGUAGE>
    <TABCLASS>INTTAB</TABCLASS>
    <SQLTAB/>
    <DATMIN>0000000000</DATMIN>
    <DATMAX>0000000000</DATMAX>
    <DATAVG>0000000000</DATAVG>
    <CLIDEP/>
    <BUFFERED/>
    <COMPRFLAG/>
    <LANGDEP/>
    <DDTEXT>Generische Extraktstruktur für Löschsatzermittlung</DDTEXT>
    <ACTFLAG/>
    <APPLCLASS/>
    <AUTHCLASS>00</AUTHCLASS>
    <AS4USER/>
    <AS4DATE>0000-00-00</AS4DATE>
    <AS4TIME>00:00:00</AS4TIME>
    <MASTERLANG/>
    <MAINFLAG/>
    <CONTFLAG/>
    <RESERVETAB/>
    <GLOBALFLAG/>
    <PROZPUFF>000</PROZPUFF>
    <VIEWCLASS/>
    <VIEWGRANT/>
    <MULTIPLEX/>
    <SHLPEXI/>
    <PROXYTYPE/>
    <EXCLASS>0</EXCLASS>
    <WRONGCL/>
    <ALWAYSTRP/>
    <ALLDATAINCL/>
    <WITH_PARAMETERS/>
    <EXVIEW_INCLUDED/>
    <KEYMAX_FEATURE/>
    <KEYLEN_FEATURE/>
    <TABLEN_FEATURE/>
    <NONTRP_INCLUDED/>
    <VIEWREF/>
    <VIEWREF_ERR/>
   </DD02V>
   <DD09L>
    <TABNAME/>
    <AS4LOCAL/>
    <AS4VERS>0000</AS4VERS>
    <TABKAT/>
    <TABART/>
    <PUFFERUNG/>
    <SCHFELDANZ>000</SCHFELDANZ>
    <PROTOKOLL/>
    <SPEICHPUFF/>
    <AS4USER/>
    <AS4DATE>0000-00-00</AS4DATE>
    <AS4TIME>00:00:00</AS4TIME>
    <TRANSPFLAG/>
    <RESERVE/>
    <UEBERSETZ/>
    <ACTFLAG/>
    <BUFALLOW/>
    <JAVAONLY/>
    <ROWORCOLST/>
   </DD09L>
   <DD03P_TABLE>
    <DD03P>
     <TABNAME>/BVCCSAP/C1_DELREC_EXTRACT</TABNAME>
     <FIELDNAME>INFOOBJECT1</FIELDNAME>
     <DDLANGUAGE/>
     <POSITION>0001</POSITION>
     <KEYFLAG/>
     <MANDATORY/>
     <ROLLNAME>/BVCCSAP/C1_DE_INFOOBJECT</ROLLNAME>
     <CHECKTABLE/>
     <ADMINFIELD>0</ADMINFIELD>
     <INTTYPE/>
     <INTLEN>000000</INTLEN>
     <REFTABLE/>
     <PRECFIELD/>
     <REFFIELD/>
     <CONROUT/>
     <NOTNULL/>
     <DOMNAME/>
     <ROUTPUTLEN>000000</ROUTPUTLEN>
     <MEMORYID/>
     <LOGFLAG/>
     <HEADLEN>00</HEADLEN>
     <SCRLEN1>00</SCRLEN1>
     <SCRLEN2>00</SCRLEN2>
     <SCRLEN3>00</SCRLEN3>
     <DTELGLOBAL/>
     <DTELMASTER/>
     <RESERVEDTE/>
     <DATATYPE/>
     <LENG>000000</LENG>
     <OUTPUTLEN>000000</OUTPUTLEN>
     <DECIMALS>000000</DECIMALS>
     <LOWERCASE/>
     <SIGNFLAG/>
     <LANGFLAG/>
     <VALEXI/>
     <ENTITYTAB/>
     <CONVEXIT/>
     <MASK/>
     <MASKLEN>0000</MASKLEN>
     <ACTFLAG/>
     <DDTEXT/>
     <REPTEXT/>
     <SCRTEXT_S/>
     <SCRTEXT_M/>
     <SCRTEXT_L/>
     <DOMMASTER/>
     <RESERVEDOM/>
     <DOMGLOBAL/>
     <DOMNAME3L/>
     <SHLPORIGIN/>
     <SHLPNAME/>
     <SHLPFIELD/>
     <TABLETYPE/>
     <DEPTH>00</DEPTH>
     <COMPTYPE>E</COMPTYPE>
     <DEFFDNAME/>
     <GROUPNAME/>
     <REFTYPE/>
     <PROXYTYPE/>
     <LANGUFLAG/>
     <EXCLASS>0</EXCLASS>
     <LTRFLDDIS/>
     <BIDICTRLC/>
     <DBPOSITION>0000</DBPOSITION>
     <ANONYMOUS/>
     <OUTPUTSTYLE>00</OUTPUTSTYLE>
     <NOHISTORY/>
     <AMPMFORMAT/>
     <STREAMORLOC/>
     <STRORLOCPOS>00</STRORLOCPOS>
    </DD03P>
    <DD03P>
     <TABNAME>/BVCCSAP/C1_DELREC_EXTRACT</TABNAME>
     <FIELDNAME>INFOOBJECT2</FIELDNAME>
     <DDLANGUAGE/>
     <POSITION>0002</POSITION>
     <KEYFLAG/>
     <MANDATORY/>
     <ROLLNAME>/BVCCSAP/C1_DE_INFOOBJECT</ROLLNAME>
     <CHECKTABLE/>
     <ADMINFIELD>0</ADMINFIELD>
     <INTTYPE/>
     <INTLEN>000000</INTLEN>
     <REFTABLE/>
     <PRECFIELD/>
     <REFFIELD/>
     <CONROUT/>
     <NOTNULL/>
     <DOMNAME/>
     <ROUTPUTLEN>000000</ROUTPUTLEN>
     <MEMORYID/>
     <LOGFLAG/>
     <HEADLEN>00</HEADLEN>
     <SCRLEN1>00</SCRLEN1>
     <SCRLEN2>00</SCRLEN2>
     <SCRLEN3>00</SCRLEN3>
     <DTELGLOBAL/>
     <DTELMASTER/>
     <RESERVEDTE/>
     <DATATYPE/>
     <LENG>000000</LENG>
     <OUTPUTLEN>000000</OUTPUTLEN>
     <DECIMALS>000000</DECIMALS>
     <LOWERCASE/>
     <SIGNFLAG/>
     <LANGFLAG/>
     <VALEXI/>
     <ENTITYTAB/>
     <CONVEXIT/>
     <MASK/>
     <MASKLEN>0000</MASKLEN>
     <ACTFLAG/>
     <DDTEXT/>
     <REPTEXT/>
     <SCRTEXT_S/>
     <SCRTEXT_M/>
     <SCRTEXT_L/>
     <DOMMASTER/>
     <RESERVEDOM/>
     <DOMGLOBAL/>
     <DOMNAME3L/>
     <SHLPORIGIN/>
     <SHLPNAME/>
     <SHLPFIELD/>
     <TABLETYPE/>
     <DEPTH>00</DEPTH>
     <COMPTYPE>E</COMPTYPE>
     <DEFFDNAME/>
     <GROUPNAME/>
     <REFTYPE/>
     <PROXYTYPE/>
     <LANGUFLAG/>
     <EXCLASS>0</EXCLASS>
     <LTRFLDDIS/>
     <BIDICTRLC/>
     <DBPOSITION>0000</DBPOSITION>
     <ANONYMOUS/>
     <OUTPUTSTYLE>00</OUTPUTSTYLE>
     <NOHISTORY/>
     <AMPMFORMAT/>
     <STREAMORLOC/>
     <STRORLOCPOS>00</STRORLOCPOS>
    </DD03P>
    <DD03P>
     <TABNAME>/BVCCSAP/C1_DELREC_EXTRACT</TABNAME>
     <FIELDNAME>INFOOBJECT3</FIELDNAME>
     <DDLANGUAGE/>
     <POSITION>0003</POSITION>
     <KEYFLAG/>
     <MANDATORY/>
     <ROLLNAME>/BVCCSAP/C1_DE_INFOOBJECT</ROLLNAME>
     <CHECKTABLE/>
     <ADMINFIELD>0</ADMINFIELD>
     <INTTYPE/>
     <INTLEN>000000</INTLEN>
     <REFTABLE/>
     <PRECFIELD/>
     <REFFIELD/>
     <CONROUT/>
     <NOTNULL/>
     <DOMNAME/>
     <ROUTPUTLEN>000000</ROUTPUTLEN>
     <MEMORYID/>
     <LOGFLAG/>
     <HEADLEN>00</HEADLEN>
     <SCRLEN1>00</SCRLEN1>
     <SCRLEN2>00</SCRLEN2>
     <SCRLEN3>00</SCRLEN3>
     <DTELGLOBAL/>
     <DTELMASTER/>
     <RESERVEDTE/>
     <DATATYPE/>
     <LENG>000000</LENG>
     <OUTPUTLEN>000000</OUTPUTLEN>
     <DECIMALS>000000</DECIMALS>
     <LOWERCASE/>
     <SIGNFLAG/>
     <LANGFLAG/>
     <VALEXI/>
     <ENTITYTAB/>
     <CONVEXIT/>
     <MASK/>
     <MASKLEN>0000</MASKLEN>
     <ACTFLAG/>
     <DDTEXT/>
     <REPTEXT/>
     <SCRTEXT_S/>
     <SCRTEXT_M/>
     <SCRTEXT_L/>
     <DOMMASTER/>
     <RESERVEDOM/>
     <DOMGLOBAL/>
     <DOMNAME3L/>
     <SHLPORIGIN/>
     <SHLPNAME/>
     <SHLPFIELD/>
     <TABLETYPE/>
     <DEPTH>00</DEPTH>
     <COMPTYPE>E</COMPTYPE>
     <DEFFDNAME/>
     <GROUPNAME/>
     <REFTYPE/>
     <PROXYTYPE/>
     <LANGUFLAG/>
     <EXCLASS>0</EXCLASS>
     <LTRFLDDIS/>
     <BIDICTRLC/>
     <DBPOSITION>0000</DBPOSITION>
     <ANONYMOUS/>
     <OUTPUTSTYLE>00</OUTPUTSTYLE>
     <NOHISTORY/>
     <AMPMFORMAT/>
     <STREAMORLOC/>
     <STRORLOCPOS>00</STRORLOCPOS>
    </DD03P>
    <DD03P>
     <TABNAME>/BVCCSAP/C1_DELREC_EXTRACT</TABNAME>
     <FIELDNAME>INFOOBJECT4</FIELDNAME>
     <DDLANGUAGE/>
     <POSITION>0004</POSITION>
     <KEYFLAG/>
     <MANDATORY/>
     <ROLLNAME>/BVCCSAP/C1_DE_INFOOBJECT</ROLLNAME>
     <CHECKTABLE/>
     <ADMINFIELD>0</ADMINFIELD>
     <INTTYPE/>
     <INTLEN>000000</INTLEN>
     <REFTABLE/>
     <PRECFIELD/>
     <REFFIELD/>
     <CONROUT/>
     <NOTNULL/>
     <DOMNAME/>
     <ROUTPUTLEN>000000</ROUTPUTLEN>
     <MEMORYID/>
     <LOGFLAG/>
     <HEADLEN>00</HEADLEN>
     <SCRLEN1>00</SCRLEN1>
     <SCRLEN2>00</SCRLEN2>
     <SCRLEN3>00</SCRLEN3>
     <DTELGLOBAL/>
     <DTELMASTER/>
     <RESERVEDTE/>
     <DATATYPE/>
     <LENG>000000</LENG>
     <OUTPUTLEN>000000</OUTPUTLEN>
     <DECIMALS>000000</DECIMALS>
     <LOWERCASE/>
     <SIGNFLAG/>
     <LANGFLAG/>
     <VALEXI/>
     <ENTITYTAB/>
     <CONVEXIT/>
     <MASK/>
     <MASKLEN>0000</MASKLEN>
     <ACTFLAG/>
     <DDTEXT/>
     <REPTEXT/>
     <SCRTEXT_S/>
     <SCRTEXT_M/>
     <SCRTEXT_L/>
     <DOMMASTER/>
     <RESERVEDOM/>
     <DOMGLOBAL/>
     <DOMNAME3L/>
     <SHLPORIGIN/>
     <SHLPNAME/>
     <SHLPFIELD/>
     <TABLETYPE/>
     <DEPTH>00</DEPTH>
     <COMPTYPE>E</COMPTYPE>
     <DEFFDNAME/>
     <GROUPNAME/>
     <REFTYPE/>
     <PROXYTYPE/>
     <LANGUFLAG/>
     <EXCLASS>0</EXCLASS>
     <LTRFLDDIS/>
     <BIDICTRLC/>
     <DBPOSITION>0000</DBPOSITION>
     <ANONYMOUS/>
     <OUTPUTSTYLE>00</OUTPUTSTYLE>
     <NOHISTORY/>
     <AMPMFORMAT/>
     <STREAMORLOC/>
     <STRORLOCPOS>00</STRORLOCPOS>
    </DD03P>
    <DD03P>
     <TABNAME>/BVCCSAP/C1_DELREC_EXTRACT</TABNAME>
     <FIELDNAME>INFOOBJECT5</FIELDNAME>
     <DDLANGUAGE/>
     <POSITION>0005</POSITION>
     <KEYFLAG/>
     <MANDATORY/>
     <ROLLNAME>/BVCCSAP/C1_DE_INFOOBJECT</ROLLNAME>
     <CHECKTABLE/>
     <ADMINFIELD>0</ADMINFIELD>
     <INTTYPE/>
     <INTLEN>000000</INTLEN>
     <REFTABLE/>
     <PRECFIELD/>
     <REFFIELD/>
     <CONROUT/>
     <NOTNULL/>
     <DOMNAME/>
     <ROUTPUTLEN>000000</ROUTPUTLEN>
     <MEMORYID/>
     <LOGFLAG/>
     <HEADLEN>00</HEADLEN>
     <SCRLEN1>00</SCRLEN1>
     <SCRLEN2>00</SCRLEN2>
     <SCRLEN3>00</SCRLEN3>
     <DTELGLOBAL/>
     <DTELMASTER/>
     <RESERVEDTE/>
     <DATATYPE/>
     <LENG>000000</LENG>
     <OUTPUTLEN>000000</OUTPUTLEN>
     <DECIMALS>000000</DECIMALS>
     <LOWERCASE/>
     <SIGNFLAG/>
     <LANGFLAG/>
     <VALEXI/>
     <ENTITYTAB/>
     <CONVEXIT/>
     <MASK/>
     <MASKLEN>0000</MASKLEN>
     <ACTFLAG/>
     <DDTEXT/>
     <REPTEXT/>
     <SCRTEXT_S/>
     <SCRTEXT_M/>
     <SCRTEXT_L/>
     <DOMMASTER/>
     <RESERVEDOM/>
     <DOMGLOBAL/>
     <DOMNAME3L/>
     <SHLPORIGIN/>
     <SHLPNAME/>
     <SHLPFIELD/>
     <TABLETYPE/>
     <DEPTH>00</DEPTH>
     <COMPTYPE>E</COMPTYPE>
     <DEFFDNAME/>
     <GROUPNAME/>
     <REFTYPE/>
     <PROXYTYPE/>
     <LANGUFLAG/>
     <EXCLASS>0</EXCLASS>
     <LTRFLDDIS/>
     <BIDICTRLC/>
     <DBPOSITION>0000</DBPOSITION>
     <ANONYMOUS/>
     <OUTPUTSTYLE>00</OUTPUTSTYLE>
     <NOHISTORY/>
     <AMPMFORMAT/>
     <STREAMORLOC/>
     <STRORLOCPOS>00</STRORLOCPOS>
    </DD03P>
    <DD03P>
     <TABNAME>/BVCCSAP/C1_DELREC_EXTRACT</TABNAME>
     <FIELDNAME>INFOOBJECT6</FIELDNAME>
     <DDLANGUAGE/>
     <POSITION>0006</POSITION>
     <KEYFLAG/>
     <MANDATORY/>
     <ROLLNAME>/BVCCSAP/C1_DE_INFOOBJECT</ROLLNAME>
     <CHECKTABLE/>
     <ADMINFIELD>0</ADMINFIELD>
     <INTTYPE/>
     <INTLEN>000000</INTLEN>
     <REFTABLE/>
     <PRECFIELD/>
     <REFFIELD/>
     <CONROUT/>
     <NOTNULL/>
     <DOMNAME/>
     <ROUTPUTLEN>000000</ROUTPUTLEN>
     <MEMORYID/>
     <LOGFLAG/>
     <HEADLEN>00</HEADLEN>
     <SCRLEN1>00</SCRLEN1>
     <SCRLEN2>00</SCRLEN2>
     <SCRLEN3>00</SCRLEN3>
     <DTELGLOBAL/>
     <DTELMASTER/>
     <RESERVEDTE/>
     <DATATYPE/>
     <LENG>000000</LENG>
     <OUTPUTLEN>000000</OUTPUTLEN>
     <DECIMALS>000000</DECIMALS>
     <LOWERCASE/>
     <SIGNFLAG/>
     <LANGFLAG/>
     <VALEXI/>
     <ENTITYTAB/>
     <CONVEXIT/>
     <MASK/>
     <MASKLEN>0000</MASKLEN>
     <ACTFLAG/>
     <DDTEXT/>
     <REPTEXT/>
     <SCRTEXT_S/>
     <SCRTEXT_M/>
     <SCRTEXT_L/>
     <DOMMASTER/>
     <RESERVEDOM/>
     <DOMGLOBAL/>
     <DOMNAME3L/>
     <SHLPORIGIN/>
     <SHLPNAME/>
     <SHLPFIELD/>
     <TABLETYPE/>
     <DEPTH>00</DEPTH>
     <COMPTYPE>E</COMPTYPE>
     <DEFFDNAME/>
     <GROUPNAME/>
     <REFTYPE/>
     <PROXYTYPE/>
     <LANGUFLAG/>
     <EXCLASS>0</EXCLASS>
     <LTRFLDDIS/>
     <BIDICTRLC/>
     <DBPOSITION>0000</DBPOSITION>
     <ANONYMOUS/>
     <OUTPUTSTYLE>00</OUTPUTSTYLE>
     <NOHISTORY/>
     <AMPMFORMAT/>
     <STREAMORLOC/>
     <STRORLOCPOS>00</STRORLOCPOS>
    </DD03P>
    <DD03P>
     <TABNAME>/BVCCSAP/C1_DELREC_EXTRACT</TABNAME>
     <FIELDNAME>INFOOBJECT7</FIELDNAME>
     <DDLANGUAGE/>
     <POSITION>0007</POSITION>
     <KEYFLAG/>
     <MANDATORY/>
     <ROLLNAME>/BVCCSAP/C1_DE_INFOOBJECT</ROLLNAME>
     <CHECKTABLE/>
     <ADMINFIELD>0</ADMINFIELD>
     <INTTYPE/>
     <INTLEN>000000</INTLEN>
     <REFTABLE/>
     <PRECFIELD/>
     <REFFIELD/>
     <CONROUT/>
     <NOTNULL/>
     <DOMNAME/>
     <ROUTPUTLEN>000000</ROUTPUTLEN>
     <MEMORYID/>
     <LOGFLAG/>
     <HEADLEN>00</HEADLEN>
     <SCRLEN1>00</SCRLEN1>
     <SCRLEN2>00</SCRLEN2>
     <SCRLEN3>00</SCRLEN3>
     <DTELGLOBAL/>
     <DTELMASTER/>
     <RESERVEDTE/>
     <DATATYPE/>
     <LENG>000000</LENG>
     <OUTPUTLEN>000000</OUTPUTLEN>
     <DECIMALS>000000</DECIMALS>
     <LOWERCASE/>
     <SIGNFLAG/>
     <LANGFLAG/>
     <VALEXI/>
     <ENTITYTAB/>
     <CONVEXIT/>
     <MASK/>
     <MASKLEN>0000</MASKLEN>
     <ACTFLAG/>
     <DDTEXT/>
     <REPTEXT/>
     <SCRTEXT_S/>
     <SCRTEXT_M/>
     <SCRTEXT_L/>
     <DOMMASTER/>
     <RESERVEDOM/>
     <DOMGLOBAL/>
     <DOMNAME3L/>
     <SHLPORIGIN/>
     <SHLPNAME/>
     <SHLPFIELD/>
     <TABLETYPE/>
     <DEPTH>00</DEPTH>
     <COMPTYPE>E</COMPTYPE>
     <DEFFDNAME/>
     <GROUPNAME/>
     <REFTYPE/>
     <PROXYTYPE/>
     <LANGUFLAG/>
     <EXCLASS>0</EXCLASS>
     <LTRFLDDIS/>
     <BIDICTRLC/>
     <DBPOSITION>0000</DBPOSITION>
     <ANONYMOUS/>
     <OUTPUTSTYLE>00</OUTPUTSTYLE>
     <NOHISTORY/>
     <AMPMFORMAT/>
     <STREAMORLOC/>
     <STRORLOCPOS>00</STRORLOCPOS>
    </DD03P>
    <DD03P>
     <TABNAME>/BVCCSAP/C1_DELREC_EXTRACT</TABNAME>
     <FIELDNAME>INFOOBJECT8</FIELDNAME>
     <DDLANGUAGE/>
     <POSITION>0008</POSITION>
     <KEYFLAG/>
     <MANDATORY/>
     <ROLLNAME>/BVCCSAP/C1_DE_INFOOBJECT</ROLLNAME>
     <CHECKTABLE/>
     <ADMINFIELD>0</ADMINFIELD>
     <INTTYPE/>
     <INTLEN>000000</INTLEN>
     <REFTABLE/>
     <PRECFIELD/>
     <REFFIELD/>
     <CONROUT/>
     <NOTNULL/>
     <DOMNAME/>
     <ROUTPUTLEN>000000</ROUTPUTLEN>
     <MEMORYID/>
     <LOGFLAG/>
     <HEADLEN>00</HEADLEN>
     <SCRLEN1>00</SCRLEN1>
     <SCRLEN2>00</SCRLEN2>
     <SCRLEN3>00</SCRLEN3>
     <DTELGLOBAL/>
     <DTELMASTER/>
     <RESERVEDTE/>
     <DATATYPE/>
     <LENG>000000</LENG>
     <OUTPUTLEN>000000</OUTPUTLEN>
     <DECIMALS>000000</DECIMALS>
     <LOWERCASE/>
     <SIGNFLAG/>
     <LANGFLAG/>
     <VALEXI/>
     <ENTITYTAB/>
     <CONVEXIT/>
     <MASK/>
     <MASKLEN>0000</MASKLEN>
     <ACTFLAG/>
     <DDTEXT/>
     <REPTEXT/>
     <SCRTEXT_S/>
     <SCRTEXT_M/>
     <SCRTEXT_L/>
     <DOMMASTER/>
     <RESERVEDOM/>
     <DOMGLOBAL/>
     <DOMNAME3L/>
     <SHLPORIGIN/>
     <SHLPNAME/>
     <SHLPFIELD/>
     <TABLETYPE/>
     <DEPTH>00</DEPTH>
     <COMPTYPE>E</COMPTYPE>
     <DEFFDNAME/>
     <GROUPNAME/>
     <REFTYPE/>
     <PROXYTYPE/>
     <LANGUFLAG/>
     <EXCLASS>0</EXCLASS>
     <LTRFLDDIS/>
     <BIDICTRLC/>
     <DBPOSITION>0000</DBPOSITION>
     <ANONYMOUS/>
     <OUTPUTSTYLE>00</OUTPUTSTYLE>
     <NOHISTORY/>
     <AMPMFORMAT/>
     <STREAMORLOC/>
     <STRORLOCPOS>00</STRORLOCPOS>
    </DD03P>
    <DD03P>
     <TABNAME>/BVCCSAP/C1_DELREC_EXTRACT</TABNAME>
     <FIELDNAME>INFOOBJECT9</FIELDNAME>
     <DDLANGUAGE/>
     <POSITION>0009</POSITION>
     <KEYFLAG/>
     <MANDATORY/>
     <ROLLNAME>/BVCCSAP/C1_DE_INFOOBJECT</ROLLNAME>
     <CHECKTABLE/>
     <ADMINFIELD>0</ADMINFIELD>
     <INTTYPE/>
     <INTLEN>000000</INTLEN>
     <REFTABLE/>
     <PRECFIELD/>
     <REFFIELD/>
     <CONROUT/>
     <NOTNULL/>
     <DOMNAME/>
     <ROUTPUTLEN>000000</ROUTPUTLEN>
     <MEMORYID/>
     <LOGFLAG/>
     <HEADLEN>00</HEADLEN>
     <SCRLEN1>00</SCRLEN1>
     <SCRLEN2>00</SCRLEN2>
     <SCRLEN3>00</SCRLEN3>
     <DTELGLOBAL/>
     <DTELMASTER/>
     <RESERVEDTE/>
     <DATATYPE/>
     <LENG>000000</LENG>
     <OUTPUTLEN>000000</OUTPUTLEN>
     <DECIMALS>000000</DECIMALS>
     <LOWERCASE/>
     <SIGNFLAG/>
     <LANGFLAG/>
     <VALEXI/>
     <ENTITYTAB/>
     <CONVEXIT/>
     <MASK/>
     <MASKLEN>0000</MASKLEN>
     <ACTFLAG/>
     <DDTEXT/>
     <REPTEXT/>
     <SCRTEXT_S/>
     <SCRTEXT_M/>
     <SCRTEXT_L/>
     <DOMMASTER/>
     <RESERVEDOM/>
     <DOMGLOBAL/>
     <DOMNAME3L/>
     <SHLPORIGIN/>
     <SHLPNAME/>
     <SHLPFIELD/>
     <TABLETYPE/>
     <DEPTH>00</DEPTH>
     <COMPTYPE>E</COMPTYPE>
     <DEFFDNAME/>
     <GROUPNAME/>
     <REFTYPE/>
     <PROXYTYPE/>
     <LANGUFLAG/>
     <EXCLASS>0</EXCLASS>
     <LTRFLDDIS/>
     <BIDICTRLC/>
     <DBPOSITION>0000</DBPOSITION>
     <ANONYMOUS/>
     <OUTPUTSTYLE>00</OUTPUTSTYLE>
     <NOHISTORY/>
     <AMPMFORMAT/>
     <STREAMORLOC/>
     <STRORLOCPOS>00</STRORLOCPOS>
    </DD03P>
    <DD03P>
     <TABNAME>/BVCCSAP/C1_DELREC_EXTRACT</TABNAME>
     <FIELDNAME>INFOOBJECT10</FIELDNAME>
     <DDLANGUAGE/>
     <POSITION>0010</POSITION>
     <KEYFLAG/>
     <MANDATORY/>
     <ROLLNAME>/BVCCSAP/C1_DE_INFOOBJECT</ROLLNAME>
     <CHECKTABLE/>
     <ADMINFIELD>0</ADMINFIELD>
     <INTTYPE/>
     <INTLEN>000000</INTLEN>
     <REFTABLE/>
     <PRECFIELD/>
     <REFFIELD/>
     <CONROUT/>
     <NOTNULL/>
     <DOMNAME/>
     <ROUTPUTLEN>000000</ROUTPUTLEN>
     <MEMORYID/>
     <LOGFLAG/>
     <HEADLEN>00</HEADLEN>
     <SCRLEN1>00</SCRLEN1>
     <SCRLEN2>00</SCRLEN2>
     <SCRLEN3>00</SCRLEN3>
     <DTELGLOBAL/>
     <DTELMASTER/>
     <RESERVEDTE/>
     <DATATYPE/>
     <LENG>000000</LENG>
     <OUTPUTLEN>000000</OUTPUTLEN>
     <DECIMALS>000000</DECIMALS>
     <LOWERCASE/>
     <SIGNFLAG/>
     <LANGFLAG/>
     <VALEXI/>
     <ENTITYTAB/>
     <CONVEXIT/>
     <MASK/>
     <MASKLEN>0000</MASKLEN>
     <ACTFLAG/>
     <DDTEXT/>
     <REPTEXT/>
     <SCRTEXT_S/>
     <SCRTEXT_M/>
     <SCRTEXT_L/>
     <DOMMASTER/>
     <RESERVEDOM/>
     <DOMGLOBAL/>
     <DOMNAME3L/>
     <SHLPORIGIN/>
     <SHLPNAME/>
     <SHLPFIELD/>
     <TABLETYPE/>
     <DEPTH>00</DEPTH>
     <COMPTYPE>E</COMPTYPE>
     <DEFFDNAME/>
     <GROUPNAME/>
     <REFTYPE/>
     <PROXYTYPE/>
     <LANGUFLAG/>
     <EXCLASS>0</EXCLASS>
     <LTRFLDDIS/>
     <BIDICTRLC/>
     <DBPOSITION>0000</DBPOSITION>
     <ANONYMOUS/>
     <OUTPUTSTYLE>00</OUTPUTSTYLE>
     <NOHISTORY/>
     <AMPMFORMAT/>
     <STREAMORLOC/>
     <STRORLOCPOS>00</STRORLOCPOS>
    </DD03P>
    <DD03P>
     <TABNAME>/BVCCSAP/C1_DELREC_EXTRACT</TABNAME>
     <FIELDNAME>INFOOBJECT11</FIELDNAME>
     <DDLANGUAGE/>
     <POSITION>0011</POSITION>
     <KEYFLAG/>
     <MANDATORY/>
     <ROLLNAME>/BVCCSAP/C1_DE_INFOOBJECT</ROLLNAME>
     <CHECKTABLE/>
     <ADMINFIELD>0</ADMINFIELD>
     <INTTYPE/>
     <INTLEN>000000</INTLEN>
     <REFTABLE/>
     <PRECFIELD/>
     <REFFIELD/>
     <CONROUT/>
     <NOTNULL/>
     <DOMNAME/>
     <ROUTPUTLEN>000000</ROUTPUTLEN>
     <MEMORYID/>
     <LOGFLAG/>
     <HEADLEN>00</HEADLEN>
     <SCRLEN1>00</SCRLEN1>
     <SCRLEN2>00</SCRLEN2>
     <SCRLEN3>00</SCRLEN3>
     <DTELGLOBAL/>
     <DTELMASTER/>
     <RESERVEDTE/>
     <DATATYPE/>
     <LENG>000000</LENG>
     <OUTPUTLEN>000000</OUTPUTLEN>
     <DECIMALS>000000</DECIMALS>
     <LOWERCASE/>
     <SIGNFLAG/>
     <LANGFLAG/>
     <VALEXI/>
     <ENTITYTAB/>
     <CONVEXIT/>
     <MASK/>
     <MASKLEN>0000</MASKLEN>
     <ACTFLAG/>
     <DDTEXT/>
     <REPTEXT/>
     <SCRTEXT_S/>
     <SCRTEXT_M/>
     <SCRTEXT_L/>
     <DOMMASTER/>
     <RESERVEDOM/>
     <DOMGLOBAL/>
     <DOMNAME3L/>
     <SHLPORIGIN/>
     <SHLPNAME/>
     <SHLPFIELD/>
     <TABLETYPE/>
     <DEPTH>00</DEPTH>
     <COMPTYPE>E</COMPTYPE>
     <DEFFDNAME/>
     <GROUPNAME/>
     <REFTYPE/>
     <PROXYTYPE/>
     <LANGUFLAG/>
     <EXCLASS>0</EXCLASS>
     <LTRFLDDIS/>
     <BIDICTRLC/>
     <DBPOSITION>0000</DBPOSITION>
     <ANONYMOUS/>
     <OUTPUTSTYLE>00</OUTPUTSTYLE>
     <NOHISTORY/>
     <AMPMFORMAT/>
     <STREAMORLOC/>
     <STRORLOCPOS>00</STRORLOCPOS>
    </DD03P>
    <DD03P>
     <TABNAME>/BVCCSAP/C1_DELREC_EXTRACT</TABNAME>
     <FIELDNAME>INFOOBJECT12</FIELDNAME>
     <DDLANGUAGE/>
     <POSITION>0012</POSITION>
     <KEYFLAG/>
     <MANDATORY/>
     <ROLLNAME>/BVCCSAP/C1_DE_INFOOBJECT</ROLLNAME>
     <CHECKTABLE/>
     <ADMINFIELD>0</ADMINFIELD>
     <INTTYPE/>
     <INTLEN>000000</INTLEN>
     <REFTABLE/>
     <PRECFIELD/>
     <REFFIELD/>
     <CONROUT/>
     <NOTNULL/>
     <DOMNAME/>
     <ROUTPUTLEN>000000</ROUTPUTLEN>
     <MEMORYID/>
     <LOGFLAG/>
     <HEADLEN>00</HEADLEN>
     <SCRLEN1>00</SCRLEN1>
     <SCRLEN2>00</SCRLEN2>
     <SCRLEN3>00</SCRLEN3>
     <DTELGLOBAL/>
     <DTELMASTER/>
     <RESERVEDTE/>
     <DATATYPE/>
     <LENG>000000</LENG>
     <OUTPUTLEN>000000</OUTPUTLEN>
     <DECIMALS>000000</DECIMALS>
     <LOWERCASE/>
     <SIGNFLAG/>
     <LANGFLAG/>
     <VALEXI/>
     <ENTITYTAB/>
     <CONVEXIT/>
     <MASK/>
     <MASKLEN>0000</MASKLEN>
     <ACTFLAG/>
     <DDTEXT/>
     <REPTEXT/>
     <SCRTEXT_S/>
     <SCRTEXT_M/>
     <SCRTEXT_L/>
     <DOMMASTER/>
     <RESERVEDOM/>
     <DOMGLOBAL/>
     <DOMNAME3L/>
     <SHLPORIGIN/>
     <SHLPNAME/>
     <SHLPFIELD/>
     <TABLETYPE/>
     <DEPTH>00</DEPTH>
     <COMPTYPE>E</COMPTYPE>
     <DEFFDNAME/>
     <GROUPNAME/>
     <REFTYPE/>
     <PROXYTYPE/>
     <LANGUFLAG/>
     <EXCLASS>0</EXCLASS>
     <LTRFLDDIS/>
     <BIDICTRLC/>
     <DBPOSITION>0000</DBPOSITION>
     <ANONYMOUS/>
     <OUTPUTSTYLE>00</OUTPUTSTYLE>
     <NOHISTORY/>
     <AMPMFORMAT/>
     <STREAMORLOC/>
     <STRORLOCPOS>00</STRORLOCPOS>
    </DD03P>
    <DD03P>
     <TABNAME>/BVCCSAP/C1_DELREC_EXTRACT</TABNAME>
     <FIELDNAME>INFOOBJECT13</FIELDNAME>
     <DDLANGUAGE/>
     <POSITION>0013</POSITION>
     <KEYFLAG/>
     <MANDATORY/>
     <ROLLNAME>/BVCCSAP/C1_DE_INFOOBJECT</ROLLNAME>
     <CHECKTABLE/>
     <ADMINFIELD>0</ADMINFIELD>
     <INTTYPE/>
     <INTLEN>000000</INTLEN>
     <REFTABLE/>
     <PRECFIELD/>
     <REFFIELD/>
     <CONROUT/>
     <NOTNULL/>
     <DOMNAME/>
     <ROUTPUTLEN>000000</ROUTPUTLEN>
     <MEMORYID/>
     <LOGFLAG/>
     <HEADLEN>00</HEADLEN>
     <SCRLEN1>00</SCRLEN1>
     <SCRLEN2>00</SCRLEN2>
     <SCRLEN3>00</SCRLEN3>
     <DTELGLOBAL/>
     <DTELMASTER/>
     <RESERVEDTE/>
     <DATATYPE/>
     <LENG>000000</LENG>
     <OUTPUTLEN>000000</OUTPUTLEN>
     <DECIMALS>000000</DECIMALS>
     <LOWERCASE/>
     <SIGNFLAG/>
     <LANGFLAG/>
     <VALEXI/>
     <ENTITYTAB/>
     <CONVEXIT/>
     <MASK/>
     <MASKLEN>0000</MASKLEN>
     <ACTFLAG/>
     <DDTEXT/>
     <REPTEXT/>
     <SCRTEXT_S/>
     <SCRTEXT_M/>
     <SCRTEXT_L/>
     <DOMMASTER/>
     <RESERVEDOM/>
     <DOMGLOBAL/>
     <DOMNAME3L/>
     <SHLPORIGIN/>
     <SHLPNAME/>
     <SHLPFIELD/>
     <TABLETYPE/>
     <DEPTH>00</DEPTH>
     <COMPTYPE>E</COMPTYPE>
     <DEFFDNAME/>
     <GROUPNAME/>
     <REFTYPE/>
     <PROXYTYPE/>
     <LANGUFLAG/>
     <EXCLASS>0</EXCLASS>
     <LTRFLDDIS/>
     <BIDICTRLC/>
     <DBPOSITION>0000</DBPOSITION>
     <ANONYMOUS/>
     <OUTPUTSTYLE>00</OUTPUTSTYLE>
     <NOHISTORY/>
     <AMPMFORMAT/>
     <STREAMORLOC/>
     <STRORLOCPOS>00</STRORLOCPOS>
    </DD03P>
    <DD03P>
     <TABNAME>/BVCCSAP/C1_DELREC_EXTRACT</TABNAME>
     <FIELDNAME>INFOOBJECT14</FIELDNAME>
     <DDLANGUAGE/>
     <POSITION>0014</POSITION>
     <KEYFLAG/>
     <MANDATORY/>
     <ROLLNAME>/BVCCSAP/C1_DE_INFOOBJECT</ROLLNAME>
     <CHECKTABLE/>
     <ADMINFIELD>0</ADMINFIELD>
     <INTTYPE/>
     <INTLEN>000000</INTLEN>
     <REFTABLE/>
     <PRECFIELD/>
     <REFFIELD/>
     <CONROUT/>
     <NOTNULL/>
     <DOMNAME/>
     <ROUTPUTLEN>000000</ROUTPUTLEN>
     <MEMORYID/>
     <LOGFLAG/>
     <HEADLEN>00</HEADLEN>
     <SCRLEN1>00</SCRLEN1>
     <SCRLEN2>00</SCRLEN2>
     <SCRLEN3>00</SCRLEN3>
     <DTELGLOBAL/>
     <DTELMASTER/>
     <RESERVEDTE/>
     <DATATYPE/>
     <LENG>000000</LENG>
     <OUTPUTLEN>000000</OUTPUTLEN>
     <DECIMALS>000000</DECIMALS>
     <LOWERCASE/>
     <SIGNFLAG/>
     <LANGFLAG/>
     <VALEXI/>
     <ENTITYTAB/>
     <CONVEXIT/>
     <MASK/>
     <MASKLEN>0000</MASKLEN>
     <ACTFLAG/>
     <DDTEXT/>
     <REPTEXT/>
     <SCRTEXT_S/>
     <SCRTEXT_M/>
     <SCRTEXT_L/>
     <DOMMASTER/>
     <RESERVEDOM/>
     <DOMGLOBAL/>
     <DOMNAME3L/>
     <SHLPORIGIN/>
     <SHLPNAME/>
     <SHLPFIELD/>
     <TABLETYPE/>
     <DEPTH>00</DEPTH>
     <COMPTYPE>E</COMPTYPE>
     <DEFFDNAME/>
     <GROUPNAME/>
     <REFTYPE/>
     <PROXYTYPE/>
     <LANGUFLAG/>
     <EXCLASS>0</EXCLASS>
     <LTRFLDDIS/>
     <BIDICTRLC/>
     <DBPOSITION>0000</DBPOSITION>
     <ANONYMOUS/>
     <OUTPUTSTYLE>00</OUTPUTSTYLE>
     <NOHISTORY/>
     <AMPMFORMAT/>
     <STREAMORLOC/>
     <STRORLOCPOS>00</STRORLOCPOS>
    </DD03P>
    <DD03P>
     <TABNAME>/BVCCSAP/C1_DELREC_EXTRACT</TABNAME>
     <FIELDNAME>INFOOBJECT15</FIELDNAME>
     <DDLANGUAGE/>
     <POSITION>0015</POSITION>
     <KEYFLAG/>
     <MANDATORY/>
     <ROLLNAME>/BVCCSAP/C1_DE_INFOOBJECT</ROLLNAME>
     <CHECKTABLE/>
     <ADMINFIELD>0</ADMINFIELD>
     <INTTYPE/>
     <INTLEN>000000</INTLEN>
     <REFTABLE/>
     <PRECFIELD/>
     <REFFIELD/>
     <CONROUT/>
     <NOTNULL/>
     <DOMNAME/>
     <ROUTPUTLEN>000000</ROUTPUTLEN>
     <MEMORYID/>
     <LOGFLAG/>
     <HEADLEN>00</HEADLEN>
     <SCRLEN1>00</SCRLEN1>
     <SCRLEN2>00</SCRLEN2>
     <SCRLEN3>00</SCRLEN3>
     <DTELGLOBAL/>
     <DTELMASTER/>
     <RESERVEDTE/>
     <DATATYPE/>
     <LENG>000000</LENG>
     <OUTPUTLEN>000000</OUTPUTLEN>
     <DECIMALS>000000</DECIMALS>
     <LOWERCASE/>
     <SIGNFLAG/>
     <LANGFLAG/>
     <VALEXI/>
     <ENTITYTAB/>
     <CONVEXIT/>
     <MASK/>
     <MASKLEN>0000</MASKLEN>
     <ACTFLAG/>
     <DDTEXT/>
     <REPTEXT/>
     <SCRTEXT_S/>
     <SCRTEXT_M/>
     <SCRTEXT_L/>
     <DOMMASTER/>
     <RESERVEDOM/>
     <DOMGLOBAL/>
     <DOMNAME3L/>
     <SHLPORIGIN/>
     <SHLPNAME/>
     <SHLPFIELD/>
     <TABLETYPE/>
     <DEPTH>00</DEPTH>
     <COMPTYPE>E</COMPTYPE>
     <DEFFDNAME/>
     <GROUPNAME/>
     <REFTYPE/>
     <PROXYTYPE/>
     <LANGUFLAG/>
     <EXCLASS>0</EXCLASS>
     <LTRFLDDIS/>
     <BIDICTRLC/>
     <DBPOSITION>0000</DBPOSITION>
     <ANONYMOUS/>
     <OUTPUTSTYLE>00</OUTPUTSTYLE>
     <NOHISTORY/>
     <AMPMFORMAT/>
     <STREAMORLOC/>
     <STRORLOCPOS>00</STRORLOCPOS>
    </DD03P>
    <DD03P>
     <TABNAME>/BVCCSAP/C1_DELREC_EXTRACT</TABNAME>
     <FIELDNAME>INFOOBJECT16</FIELDNAME>
     <DDLANGUAGE/>
     <POSITION>0016</POSITION>
     <KEYFLAG/>
     <MANDATORY/>
     <ROLLNAME>/BVCCSAP/C1_DE_INFOOBJECT</ROLLNAME>
     <CHECKTABLE/>
     <ADMINFIELD>0</ADMINFIELD>
     <INTTYPE/>
     <INTLEN>000000</INTLEN>
     <REFTABLE/>
     <PRECFIELD/>
     <REFFIELD/>
     <CONROUT/>
     <NOTNULL/>
     <DOMNAME/>
     <ROUTPUTLEN>000000</ROUTPUTLEN>
     <MEMORYID/>
     <LOGFLAG/>
     <HEADLEN>00</HEADLEN>
     <SCRLEN1>00</SCRLEN1>
     <SCRLEN2>00</SCRLEN2>
     <SCRLEN3>00</SCRLEN3>
     <DTELGLOBAL/>
     <DTELMASTER/>
     <RESERVEDTE/>
     <DATATYPE/>
     <LENG>000000</LENG>
     <OUTPUTLEN>000000</OUTPUTLEN>
     <DECIMALS>000000</DECIMALS>
     <LOWERCASE/>
     <SIGNFLAG/>
     <LANGFLAG/>
     <VALEXI/>
     <ENTITYTAB/>
     <CONVEXIT/>
     <MASK/>
     <MASKLEN>0000</MASKLEN>
     <ACTFLAG/>
     <DDTEXT/>
     <REPTEXT/>
     <SCRTEXT_S/>
     <SCRTEXT_M/>
     <SCRTEXT_L/>
     <DOMMASTER/>
     <RESERVEDOM/>
     <DOMGLOBAL/>
     <DOMNAME3L/>
     <SHLPORIGIN/>
     <SHLPNAME/>
     <SHLPFIELD/>
     <TABLETYPE/>
     <DEPTH>00</DEPTH>
     <COMPTYPE>E</COMPTYPE>
     <DEFFDNAME/>
     <GROUPNAME/>
     <REFTYPE/>
     <PROXYTYPE/>
     <LANGUFLAG/>
     <EXCLASS>0</EXCLASS>
     <LTRFLDDIS/>
     <BIDICTRLC/>
     <DBPOSITION>0000</DBPOSITION>
     <ANONYMOUS/>
     <OUTPUTSTYLE>00</OUTPUTSTYLE>
     <NOHISTORY/>
     <AMPMFORMAT/>
     <STREAMORLOC/>
     <STRORLOCPOS>00</STRORLOCPOS>
    </DD03P>
    <DD03P>
     <TABNAME>/BVCCSAP/C1_DELREC_EXTRACT</TABNAME>
     <FIELDNAME>RECORDMODE</FIELDNAME>
     <DDLANGUAGE/>
     <POSITION>0017</POSITION>
     <KEYFLAG/>
     <MANDATORY/>
     <ROLLNAME>RODMUPDMOD</ROLLNAME>
     <CHECKTABLE/>
     <ADMINFIELD>0</ADMINFIELD>
     <INTTYPE/>
     <INTLEN>000000</INTLEN>
     <REFTABLE/>
     <PRECFIELD/>
     <REFFIELD/>
     <CONROUT/>
     <NOTNULL/>
     <DOMNAME/>
     <ROUTPUTLEN>000000</ROUTPUTLEN>
     <MEMORYID/>
     <LOGFLAG/>
     <HEADLEN>00</HEADLEN>
     <SCRLEN1>00</SCRLEN1>
     <SCRLEN2>00</SCRLEN2>
     <SCRLEN3>00</SCRLEN3>
     <DTELGLOBAL/>
     <DTELMASTER/>
     <RESERVEDTE/>
     <DATATYPE/>
     <LENG>000000</LENG>
     <OUTPUTLEN>000000</OUTPUTLEN>
     <DECIMALS>000000</DECIMALS>
     <LOWERCASE/>
     <SIGNFLAG/>
     <LANGFLAG/>
     <VALEXI>X</VALEXI>
     <ENTITYTAB/>
     <CONVEXIT/>
     <MASK/>
     <MASKLEN>0000</MASKLEN>
     <ACTFLAG/>
     <DDTEXT/>
     <REPTEXT/>
     <SCRTEXT_S/>
     <SCRTEXT_M/>
     <SCRTEXT_L/>
     <DOMMASTER/>
     <RESERVEDOM/>
     <DOMGLOBAL/>
     <DOMNAME3L/>
     <SHLPORIGIN>F</SHLPORIGIN>
     <SHLPNAME/>
     <SHLPFIELD/>
     <TABLETYPE/>
     <DEPTH>00</DEPTH>
     <COMPTYPE>E</COMPTYPE>
     <DEFFDNAME/>
     <GROUPNAME/>
     <REFTYPE/>
     <PROXYTYPE/>
     <LANGUFLAG/>
     <EXCLASS>0</EXCLASS>
     <LTRFLDDIS/>
     <BIDICTRLC/>
     <DBPOSITION>0000</DBPOSITION>
     <ANONYMOUS/>
     <OUTPUTSTYLE>00</OUTPUTSTYLE>
     <NOHISTORY/>
     <AMPMFORMAT/>
     <STREAMORLOC/>
     <STRORLOCPOS>00</STRORLOCPOS>
    </DD03P>
    <DD03P>
     <TABNAME>/BVCCSAP/C1_DELREC_EXTRACT</TABNAME>
     <FIELDNAME>SPO_PARTITION</FIELDNAME>
     <DDLANGUAGE/>
     <POSITION>0018</POSITION>
     <KEYFLAG/>
     <MANDATORY/>
     <ROLLNAME>/BVCCSAP/C1_DE_SPO_PART</ROLLNAME>
     <CHECKTABLE/>
     <ADMINFIELD>0</ADMINFIELD>
     <INTTYPE/>
     <INTLEN>000000</INTLEN>
     <REFTABLE/>
     <PRECFIELD/>
     <REFFIELD/>
     <CONROUT/>
     <NOTNULL/>
     <DOMNAME/>
     <ROUTPUTLEN>000000</ROUTPUTLEN>
     <MEMORYID/>
     <LOGFLAG/>
     <HEADLEN>00</HEADLEN>
     <SCRLEN1>00</SCRLEN1>
     <SCRLEN2>00</SCRLEN2>
     <SCRLEN3>00</SCRLEN3>
     <DTELGLOBAL/>
     <DTELMASTER/>
     <RESERVEDTE/>
     <DATATYPE/>
     <LENG>000000</LENG>
     <OUTPUTLEN>000000</OUTPUTLEN>
     <DECIMALS>000000</DECIMALS>
     <LOWERCASE/>
     <SIGNFLAG/>
     <LANGFLAG/>
     <VALEXI/>
     <ENTITYTAB/>
     <CONVEXIT/>
     <MASK/>
     <MASKLEN>0000</MASKLEN>
     <ACTFLAG/>
     <DDTEXT/>
     <REPTEXT/>
     <SCRTEXT_S/>
     <SCRTEXT_M/>
     <SCRTEXT_L/>
     <DOMMASTER/>
     <RESERVEDOM/>
     <DOMGLOBAL/>
     <DOMNAME3L/>
     <SHLPORIGIN/>
     <SHLPNAME/>
     <SHLPFIELD/>
     <TABLETYPE/>
     <DEPTH>00</DEPTH>
     <COMPTYPE>E</COMPTYPE>
     <DEFFDNAME/>
     <GROUPNAME/>
     <REFTYPE/>
     <PROXYTYPE/>
     <LANGUFLAG/>
     <EXCLASS>0</EXCLASS>
     <LTRFLDDIS/>
     <BIDICTRLC/>
     <DBPOSITION>0000</DBPOSITION>
     <ANONYMOUS/>
     <OUTPUTSTYLE>00</OUTPUTSTYLE>
     <NOHISTORY/>
     <AMPMFORMAT/>
     <STREAMORLOC/>
     <STRORLOCPOS>00</STRORLOCPOS>
    </DD03P>
    <DD03P>
     <TABNAME>/BVCCSAP/C1_DELREC_EXTRACT</TABNAME>
     <FIELDNAME>C1CLOGSYS</FIELDNAME>
     <DDLANGUAGE/>
     <POSITION>0019</POSITION>
     <KEYFLAG/>
     <MANDATORY/>
     <ROLLNAME>/BVCCSAP/C1_DE_INFOOBJECT</ROLLNAME>
     <CHECKTABLE/>
     <ADMINFIELD>0</ADMINFIELD>
     <INTTYPE/>
     <INTLEN>000000</INTLEN>
     <REFTABLE/>
     <PRECFIELD/>
     <REFFIELD/>
     <CONROUT/>
     <NOTNULL/>
     <DOMNAME/>
     <ROUTPUTLEN>000000</ROUTPUTLEN>
     <MEMORYID/>
     <LOGFLAG/>
     <HEADLEN>00</HEADLEN>
     <SCRLEN1>00</SCRLEN1>
     <SCRLEN2>00</SCRLEN2>
     <SCRLEN3>00</SCRLEN3>
     <DTELGLOBAL/>
     <DTELMASTER/>
     <RESERVEDTE/>
     <DATATYPE/>
     <LENG>000000</LENG>
     <OUTPUTLEN>000000</OUTPUTLEN>
     <DECIMALS>000000</DECIMALS>
     <LOWERCASE/>
     <SIGNFLAG/>
     <LANGFLAG/>
     <VALEXI/>
     <ENTITYTAB/>
     <CONVEXIT/>
     <MASK/>
     <MASKLEN>0000</MASKLEN>
     <ACTFLAG/>
     <DDTEXT/>
     <REPTEXT/>
     <SCRTEXT_S/>
     <SCRTEXT_M/>
     <SCRTEXT_L/>
     <DOMMASTER/>
     <RESERVEDOM/>
     <DOMGLOBAL/>
     <DOMNAME3L/>
     <SHLPORIGIN/>
     <SHLPNAME/>
     <SHLPFIELD/>
     <TABLETYPE/>
     <DEPTH>00</DEPTH>
     <COMPTYPE>E</COMPTYPE>
     <DEFFDNAME/>
     <GROUPNAME/>
     <REFTYPE/>
     <PROXYTYPE/>
     <LANGUFLAG/>
     <EXCLASS>0</EXCLASS>
     <LTRFLDDIS/>
     <BIDICTRLC/>
     <DBPOSITION>0000</DBPOSITION>
     <ANONYMOUS/>
     <OUTPUTSTYLE>00</OUTPUTSTYLE>
     <NOHISTORY/>
     <AMPMFORMAT/>
     <STREAMORLOC/>
     <STRORLOCPOS>00</STRORLOCPOS>
    </DD03P>
   </DD03P_TABLE>
   <DD05M_TABLE/>
   <DD08V_TABLE/>
   <DD12V/>
   <DD17V/>
   <DD35V_TALE/>
   <DD36M/>
  </asx:values>
 </asx:abap>
</abapGit>
